Task,Area,Cutoff
wd,4.204127534625412,0.1
int,4.244624354572868,0.1
wd,3.969756473602206,0.15
int,4.03484347894266,0.15
wd,3.765994804347634,0.2
int,3.8573595910491383,0.2
wd,3.4075900090049123,0.25
int,3.600412211277579,0.25
